{
  "annotations": {
    "list": [
      {
        "builtIn": 1,
        "datasource": {
          "type": "datasource",
          "uid": "grafana"
        },
        "enable": true,
        "hide": true,
        "iconColor": "rgba(0, 211, 255, 1)",
        "name": "Annotations & Alerts",
        "type": "dashboard"
      }
    ]
  },
  "description": "HyperPod Inference Dashboard",
  "editable": true,
  "fiscalYearStartMonth": 0,
  "graphTooltip": 1,
  "id": 153,
  "links": [
    {
      "asDropdown": false,
      "icon": "external link",
      "includeVars": false,
      "keepTime": true,
      "tags": ["hyperpod"],
      "targetBlank": false,
      "title": "",
      "tooltip": "",
      "type": "dashboards",
      "url": ""
    }
  ],
  "panels": [
    {
      "datasource": {
        "type": "prometheus",
        "uid": "${datasource}"
      },
      "description": "List of all deployments on your SageMaker HyperPod cluster",
      "fieldConfig": {
        "defaults": {
          "color": {
            "mode": "thresholds"
          },
          "custom": {
            "align": "auto",
            "cellOptions": {
              "type": "auto"
            },
            "inspect": false
          },
          "mappings": [],
          "thresholds": {
            "mode": "absolute",
            "steps": [
              {
                "color": "green",
                "value": null
              }
            ]
          }
        },
        "overrides": [
          {
            "matcher": {
              "id": "byName",
              "options": "Pod Count"
            },
            "properties": [
              {
                "id": "custom.cellOptions",
                "value": {
                  "mode": "gradient",
                  "type": "colored-background"
                }
              },
              {
                "id": "color",
                "value": {
                  "mode": "continuous-GrYlRd"
                }
              }
            ]
          },
          {
            "matcher": {
              "id": "byName",
              "options": "Node Count"
            },
            "properties": [
              {
                "id": "custom.cellOptions",
                "value": {
                  "mode": "gradient",
                  "type": "colored-background"
                }
              },
              {
                "id": "color",
                "value": {
                  "mode": "continuous-BlPu"
                }
              }
            ]
          }
        ]
      },
      "gridPos": {
        "h": 8,
        "w": 24,
        "x": 0,
        "y": 0
      },
      "id": 25,
      "options": {
        "cellHeight": "sm",
        "footer": {
          "countRows": false,
          "enablePagination": true,
          "fields": "",
          "reducer": ["sum"],
          "show": false
        },
        "showHeader": true,
        "sortBy": [
          {
            "desc": false,
            "displayName": "Resource Name"
          }
        ]
      },
      "pluginVersion": "10.4.1",
      "targets": [
        {
          "datasource": {
            "type": "prometheus",
            "uid": "${datasource}"
          },
          "editorMode": "code",
          "expr": "group by (resource_name, resource_type, model_name, model_version, instance_type, model_container_type, model_container_image) (model_invocations_total{cluster_id=\"$cluster_id\",resource_type=~\"$resourceType\", namespace=~\"$namespace\", resource_name=~\"$resource\"})",
          "format": "table",
          "instant": true,
          "legendFormat": "",
          "refId": "A"
        },
        {
          "datasource": {
            "type": "prometheus",
            "uid": "${datasource}"
          },
          "editorMode": "code",
          "expr": "count by (resource_name) (count by (resource_name, pod_name) (max_over_time(model_invocations_total{cluster_id=\"$cluster_id\",resource_type=~\"$resourceType\", namespace=~\"$namespace\", resource_name=~\"$resource\"}[5m])))",
          "format": "table",
          "instant": true,
          "legendFormat": "",
          "refId": "B"
        },
        {
          "datasource": {
            "type": "prometheus",
            "uid": "${datasource}"
          },
          "editorMode": "code",
          "expr": "count by (resource_name) (count by (resource_name, node_name) (max_over_time(model_invocations_total{cluster_id=\"$cluster_id\",resource_type=~\"$resourceType\", namespace=~\"$namespace\", resource_name=~\"$resource\"}[5m])))",
          "format": "table",
          "instant": true,
          "legendFormat": "",
          "refId": "C"
        }
      ],
      "title": "List of Active Deployments",
      "transformations": [
        {
          "id": "merge",
          "options": {}
        },
        {
          "id": "organize",
          "options": {
            "excludeByName": {
              "Time": true,
              "Value #A": true,
              "Value #B": false,
              "Value #C": false
            },
            "indexByName": {
              "Value #B": 8,
              "Value #C": 6,
              "instance_type": 7,
              "model_container_image": 5,
              "model_container_type": 4,
              "model_name": 2,
              "model_version": 3,
              "resource_name": 0,
              "resource_type": 1
            },
            "renameByName": {
              "Value #B": "Pod Count",
              "Value #C": "Node Count",
              "instance_type": "Instance Type",
              "model_container_image": "Container Image",
              "model_container_type": "Container Type",
              "model_name": "Model",
              "model_version": "Model Version",
              "resource_name": "Deployment Name",
              "resource_type": "Deployment Type"
            }
          }
        }
      ],
      "type": "table"
    },
    {
      "datasource": {
        "type": "prometheus",
        "uid": "${datasource}"
      },
      "description": "Incoming requests per deployment per second",
      "fieldConfig": {
        "defaults": {
          "color": {
            "mode": "palette-classic"
          },
          "custom": {
            "axisBorderShow": false,
            "axisCenteredZero": false,
            "axisColorMode": "text",
            "axisLabel": "",
            "axisPlacement": "auto",
            "barAlignment": 0,
            "drawStyle": "line",
            "fillOpacity": 0,
            "gradientMode": "none",
            "hideFrom": {
              "legend": false,
              "tooltip": false,
              "viz": false
            },
            "insertNulls": false,
            "lineInterpolation": "smooth",
            "lineWidth": 1,
            "pointSize": 5,
            "scaleDistribution": {
              "type": "linear"
            },
            "showPoints": "never",
            "spanNulls": true,
            "stacking": {
              "group": "A",
              "mode": "none"
            },
            "thresholdsStyle": {
              "mode": "off"
            }
          },
          "mappings": [],
          "min": 0,
          "thresholds": {
            "mode": "absolute",
            "steps": [
              {
                "color": "green",
                "value": null
              }
            ]
          },
          "unit": "reqps"
        },
        "overrides": []
      },
      "gridPos": {
        "h": 8,
        "w": 12,
        "x": 0,
        "y": 8
      },
      "id": 4,
      "options": {
        "legend": {
          "calcs": ["mean", "max", "lastNotNull"],
          "displayMode": "table",
          "placement": "bottom",
          "showLegend": true
        },
        "tooltip": {
          "mode": "single",
          "sort": "none"
        }
      },
      "targets": [
        {
          "datasource": {
            "type": "prometheus",
            "uid": "${datasource}"
          },
          "editorMode": "code",
          "expr": "rate(model_invocations_total{cluster_id=\"$cluster_id\",resource_type=~\"$resourceType\", namespace=~\"$namespace\", resource_name=~\"$resource\", method=\"POST\", uri=\"/invocations\"}[5m])",
          "legendFormat": "{{resource_name}}",
          "range": true,
          "refId": "A"
        }
      ],
      "title": "Incoming Request Rate per Deployment",
      "type": "timeseries"
    },
    {
      "datasource": {
        "type": "prometheus",
        "uid": "${datasource}"
      },
      "description": "Total number of incoming requests successfully served by the model over total number of incoming requests",
      "fieldConfig": {
        "defaults": {
          "color": {
            "mode": "palette-classic"
          },
          "custom": {
            "axisBorderShow": false,
            "axisCenteredZero": false,
            "axisColorMode": "text",
            "axisLabel": "",
            "axisPlacement": "auto",
            "barAlignment": 0,
            "drawStyle": "line",
            "fillOpacity": 0,
            "gradientMode": "none",
            "hideFrom": {
              "legend": false,
              "tooltip": false,
              "viz": false
            },
            "insertNulls": false,
            "lineInterpolation": "linear",
            "lineWidth": 1,
            "pointSize": 5,
            "scaleDistribution": {
              "type": "linear"
            },
            "showPoints": "auto",
            "spanNulls": false,
            "stacking": {
              "group": "A",
              "mode": "none"
            },
            "thresholdsStyle": {
              "mode": "off"
            }
          },
          "mappings": [],
          "max": 100,
          "min": 0,
          "thresholds": {
            "mode": "absolute",
            "steps": [
              {
                "color": "red",
                "value": null
              },
              {
                "color": "yellow",
                "value": 95
              },
              {
                "color": "green",
                "value": 99
              }
            ]
          },
          "unit": "percent"
        },
        "overrides": [
          {
            "matcher": {
              "id": "byName",
              "options": "Error Rate"
            },
            "properties": [
              {
                "id": "thresholds",
                "value": {
                  "mode": "absolute",
                  "steps": [
                    {
                      "color": "green",
                      "value": null
                    },
                    {
                      "color": "yellow",
                      "value": 1
                    },
                    {
                      "color": "red",
                      "value": 5
                    }
                  ]
                }
              }
            ]
          },
          {
            "matcher": {
              "id": "byName",
              "options": "Avg Latency"
            },
            "properties": [
              {
                "id": "unit",
                "value": "ms"
              },
              {
                "id": "thresholds",
                "value": {
                  "mode": "absolute",
                  "steps": [
                    {
                      "color": "green",
                      "value": null
                    },
                    {
                      "color": "yellow",
                      "value": 1000
                    },
                    {
                      "color": "red",
                      "value": 5000
                    }
                  ]
                }
              }
            ]
          }
        ]
      },
      "gridPos": {
        "h": 8,
        "w": 12,
        "x": 12,
        "y": 8
      },
      "id": 2,
      "options": {
        "legend": {
          "calcs": ["mean", "max", "lastNotNull"],
          "displayMode": "table",
          "placement": "bottom",
          "showLegend": true
        },
        "tooltip": {
          "mode": "single",
          "sort": "none"
        }
      },
      "pluginVersion": "10.4.1",
      "targets": [
        {
          "datasource": {
            "type": "prometheus",
            "uid": "${datasource}"
          },
          "editorMode": "code",
          "expr": "(1 - ((sum by (resource_name) (rate(model_errors_total{cluster_id=\"$cluster_id\",resource_type=~\"$resourceType\", namespace=~\"$namespace\", resource_name=~\"$resource\", method=\"POST\", uri=\"/invocations\"}[5m])) or vector(0)) / sum by (resource_name) (rate(model_invocations_total{cluster_id=\"$cluster_id\",resource_type=~\"$resourceType\", namespace=~\"$namespace\", resource_name=~\"$resource\", method=\"POST\", uri=\"/invocations\"}[5m])))) * 100",
          "legendFormat": "{{resource_name}} Success Rate",
          "range": true,
          "refId": "A"
        }
      ],
      "title": "Percentage of Successful Requests",
      "type": "timeseries"
    },
    {
      "collapsed": false,
      "datasource": {
        "type": "prometheus",
        "uid": "${datasource}"
      },
      "gridPos": {
        "h": 1,
        "w": 24,
        "x": 0,
        "y": 16
      },
      "id": 28,
      "panels": [],
      "targets": [
        {
          "datasource": {
            "type": "prometheus",
            "uid": "${datasource}"
          },
          "refId": "A"
        }
      ],
      "title": "Performance",
      "type": "row"
    },
    {
      "datasource": {
        "type": "prometheus",
        "uid": "${datasource}"
      },
      "description": "Number of requests that were successfully processed by the model vs number of requests that failed to get a response from the model",
      "fieldConfig": {
        "defaults": {
          "color": {
            "mode": "palette-classic"
          },
          "custom": {
            "axisBorderShow": false,
            "axisCenteredZero": false,
            "axisColorMode": "text",
            "axisLabel": "",
            "axisPlacement": "auto",
            "barAlignment": 0,
            "drawStyle": "line",
            "fillOpacity": 0,
            "gradientMode": "none",
            "hideFrom": {
              "legend": false,
              "tooltip": false,
              "viz": false
            },
            "insertNulls": false,
            "lineInterpolation": "smooth",
            "lineWidth": 1,
            "pointSize": 5,
            "scaleDistribution": {
              "type": "linear"
            },
            "showPoints": "never",
            "spanNulls": true,
            "stacking": {
              "group": "A",
              "mode": "none"
            },
            "thresholdsStyle": {
              "mode": "off"
            }
          },
          "mappings": [],
          "min": 0,
          "thresholds": {
            "mode": "absolute",
            "steps": [
              {
                "color": "green",
                "value": null
              }
            ]
          },
          "unit": "short"
        },
        "overrides": [
          {
            "matcher": {
              "id": "byRegexp",
              "options": ".*Successful.*"
            },
            "properties": [
              {
                "id": "color",
                "value": {
                  "fixedColor": "green",
                  "mode": "fixed"
                }
              }
            ]
          },
          {
            "matcher": {
              "id": "byRegexp",
              "options": ".*Failed.*"
            },
            "properties": [
              {
                "id": "color",
                "value": {
                  "fixedColor": "red",
                  "mode": "fixed"
                }
              }
            ]
          }
        ]
      },
      "gridPos": {
        "h": 9,
        "w": 12,
        "x": 0,
        "y": 17
      },
      "id": 5,
      "options": {
        "legend": {
          "calcs": ["mean", "max", "lastNotNull"],
          "displayMode": "table",
          "placement": "bottom",
          "showLegend": true
        },
        "tooltip": {
          "mode": "single",
          "sort": "none"
        }
      },
      "targets": [
        {
          "datasource": {
            "type": "prometheus",
            "uid": "${datasource}"
          },
          "editorMode": "code",
          "expr": "sum by (resource_name) (increase(model_latency_milliseconds_count{cluster_id=\"$cluster_id\",resource_type=~\"$resourceType\", namespace=~\"$namespace\", resource_name=~\"$resource\", method=\"POST\", uri=\"/invocations\", status=~\"2.*\"}[5m]))",
          "legendFormat": "{{resource_name}} Successful",
          "range": true,
          "refId": "A"
        },
        {
          "datasource": {
            "type": "prometheus",
            "uid": "${datasource}"
          },
          "editorMode": "code",
          "expr": "sum by (resource_name) (increase(model_errors_total{cluster_id=\"$cluster_id\",resource_type=~\"$resourceType\", namespace=~\"$namespace\", resource_name=~\"$resource\", method=\"POST\", uri=\"/invocations\"}[5m]))",
          "legendFormat": "{{resource_name}} Failed",
          "range": true,
          "refId": "B"
        }
      ],
      "title": "Successful Requests vs Failed Requests",
      "type": "timeseries"
    },
    {
      "datasource": {
        "type": "prometheus",
        "uid": "${datasource}"
      },
      "description": "Number of incoming requests that failed to get a successful response from the deployed model split by error codes.",
      "fieldConfig": {
        "defaults": {
          "color": {
            "mode": "palette-classic"
          },
          "custom": {
            "axisBorderShow": false,
            "axisCenteredZero": false,
            "axisColorMode": "text",
            "axisLabel": "",
            "axisPlacement": "auto",
            "barAlignment": 0,
            "drawStyle": "line",
            "fillOpacity": 10,
            "gradientMode": "none",
            "hideFrom": {
              "legend": false,
              "tooltip": false,
              "viz": false
            },
            "insertNulls": false,
            "lineInterpolation": "smooth",
            "lineWidth": 2,
            "pointSize": 5,
            "scaleDistribution": {
              "type": "linear"
            },
            "showPoints": "never",
            "spanNulls": true,
            "stacking": {
              "group": "A",
              "mode": "none"
            },
            "thresholdsStyle": {
              "mode": "off"
            }
          },
          "mappings": [],
          "min": 0,
          "thresholds": {
            "mode": "absolute",
            "steps": [
              {
                "color": "green",
                "value": null
              },
              {
                "color": "yellow",
                "value": 10
              },
              {
                "color": "red",
                "value": 50
              }
            ]
          },
          "unit": "short"
        },
        "overrides": []
      },
      "gridPos": {
        "h": 9,
        "w": 12,
        "x": 12,
        "y": 17
      },
      "id": 31,
      "options": {
        "legend": {
          "calcs": ["mean", "max", "lastNotNull"],
          "displayMode": "table",
          "placement": "bottom",
          "showLegend": true
        },
        "tooltip": {
          "mode": "single",
          "sort": "none"
        }
      },
      "targets": [
        {
          "datasource": {
            "type": "prometheus",
            "uid": "${datasource}"
          },
          "editorMode": "code",
          "expr": "increase(model_errors_total{cluster_id=\"$cluster_id\",resource_type=~\"$resourceType\", namespace=~\"$namespace\", resource_name=~\"$resource\", method=\"POST\", uri=\"/invocations\"}[5m])",
          "legendFormat": "{{resource_name}} - {{status}}",
          "range": true,
          "refId": "A"
        }
      ],
      "title": "Count of Failed Requests per Error Code",
      "type": "timeseries"
    },
    {
      "datasource": {
        "type": "prometheus",
        "uid": "${datasource}"
      },
      "description": "Time it takes for an incoming request to get a successful response from the model",
      "fieldConfig": {
        "defaults": {
          "color": {
            "mode": "palette-classic"
          },
          "custom": {
            "axisBorderShow": false,
            "axisCenteredZero": false,
            "axisColorMode": "text",
            "axisLabel": "",
            "axisPlacement": "auto",
            "barAlignment": 0,
            "drawStyle": "line",
            "fillOpacity": 0,
            "gradientMode": "none",
            "hideFrom": {
              "legend": false,
              "tooltip": false,
              "viz": false
            },
            "insertNulls": false,
            "lineInterpolation": "smooth",
            "lineWidth": 1,
            "pointSize": 5,
            "scaleDistribution": {
              "type": "linear"
            },
            "showPoints": "never",
            "spanNulls": true,
            "stacking": {
              "group": "A",
              "mode": "none"
            },
            "thresholdsStyle": {
              "mode": "off"
            }
          },
          "mappings": [],
          "thresholds": {
            "mode": "absolute",
            "steps": [
              {
                "color": "green"
              }
            ]
          },
          "unit": "ms"
        },
        "overrides": []
      },
      "gridPos": {
        "h": 9,
        "w": 12,
        "x": 0,
        "y": 26
      },
      "id": 30,
      "options": {
        "legend": {
          "calcs": ["mean", "max", "lastNotNull"],
          "displayMode": "table",
          "placement": "bottom",
          "showLegend": true
        },
        "tooltip": {
          "mode": "single",
          "sort": "none"
        }
      },
      "targets": [
        {
          "datasource": {
            "type": "prometheus",
            "uid": "${datasource}"
          },
          "editorMode": "code",
          "expr": "histogram_quantile(0.90, sum(rate(model_latency_milliseconds_bucket{cluster_id=\"$cluster_id\",resource_type=~\"$resourceType\", namespace=~\"$namespace\", resource_name=~\"$resource\", method=\"POST\", uri=\"/invocations\", status=~\"2.*\"}[5m])) by (resource_name, le))",
          "legendFormat": "{{resource_name}} p90",
          "range": true,
          "refId": "A"
        }
      ],
      "title": "Latency of Successful Requests",
      "type": "timeseries"
    },
    {
      "datasource": {
        "type": "prometheus",
        "uid": "${datasource}"
      },
      "description": "Time it takes for the model to send the first byte of response to an incoming request",
      "fieldConfig": {
        "defaults": {
          "color": {
            "mode": "palette-classic"
          },
          "custom": {
            "axisBorderShow": false,
            "axisCenteredZero": false,
            "axisColorMode": "text",
            "axisLabel": "",
            "axisPlacement": "auto",
            "barAlignment": 0,
            "drawStyle": "line",
            "fillOpacity": 0,
            "gradientMode": "none",
            "hideFrom": {
              "legend": false,
              "tooltip": false,
              "viz": false
            },
            "insertNulls": false,
            "lineInterpolation": "smooth",
            "lineWidth": 1,
            "pointSize": 5,
            "scaleDistribution": {
              "type": "linear"
            },
            "showPoints": "never",
            "spanNulls": true,
            "stacking": {
              "group": "A",
              "mode": "none"
            },
            "thresholdsStyle": {
              "mode": "off"
            }
          },
          "mappings": [],
          "thresholds": {
            "mode": "absolute",
            "steps": [
              {
                "color": "green"
              }
            ]
          },
          "unit": "ms"
        },
        "overrides": []
      },
      "gridPos": {
        "h": 9,
        "w": 12,
        "x": 12,
        "y": 26
      },
      "id": 6,
      "options": {
        "legend": {
          "calcs": ["mean", "max", "lastNotNull"],
          "displayMode": "table",
          "placement": "bottom",
          "showLegend": true
        },
        "tooltip": {
          "mode": "single",
          "sort": "none"
        }
      },
      "targets": [
        {
          "datasource": {
            "type": "prometheus",
            "uid": "${datasource}"
          },
          "editorMode": "code",
          "expr": "histogram_quantile(0.90, sum(rate(model_ttfb_milliseconds_bucket{cluster_id=\"$cluster_id\",resource_type=~\"$resourceType\", namespace=~\"$namespace\", resource_name=~\"$resource\", method=\"POST\", uri=\"/invocations\", status=~\"2.*\"}[5m])) by (resource_name, le))",
          "legendFormat": "{{resource_name}} TTFB p90",
          "range": true,
          "refId": "A"
        }
      ],
      "title": "Time To First Byte (TTFB)",
      "type": "timeseries"
    },
    {
      "datasource": {
        "type": "prometheus",
        "uid": "${datasource}"
      },
      "description": "Helps to identify if the latency of a response by the model was mainly due to delays in initial processing (first byte)",
      "fieldConfig": {
        "defaults": {
          "color": {
            "mode": "palette-classic"
          },
          "custom": {
            "axisBorderShow": false,
            "axisCenteredZero": false,
            "axisColorMode": "text",
            "axisLabel": "TTFB/Total",
            "axisPlacement": "auto",
            "barAlignment": 0,
            "drawStyle": "line",
            "fillOpacity": 0,
            "gradientMode": "none",
            "hideFrom": {
              "legend": false,
              "tooltip": false,
              "viz": false
            },
            "insertNulls": false,
            "lineInterpolation": "smooth",
            "lineWidth": 1,
            "pointSize": 5,
            "scaleDistribution": {
              "type": "linear"
            },
            "showPoints": "never",
            "spanNulls": true,
            "stacking": {
              "group": "A",
              "mode": "none"
            },
            "thresholdsStyle": {
              "mode": "off"
            }
          },
          "mappings": [],
          "max": 1,
          "min": 0,
          "thresholds": {
            "mode": "absolute",
            "steps": [
              {
                "color": "green"
              }
            ]
          },
          "unit": "percentunit"
        },
        "overrides": []
      },
      "gridPos": {
        "h": 8,
        "w": 12,
        "x": 0,
        "y": 35
      },
      "id": 13,
      "options": {
        "legend": {
          "calcs": ["mean", "lastNotNull"],
          "displayMode": "table",
          "placement": "bottom",
          "showLegend": true
        },
        "tooltip": {
          "mode": "single",
          "sort": "none"
        }
      },
      "targets": [
        {
          "datasource": {
            "type": "prometheus",
            "uid": "${datasource}"
          },
          "editorMode": "code",
          "expr": "histogram_quantile(0.90, sum(rate(model_ttfb_milliseconds_bucket{cluster_id=\"$cluster_id\",resource_type=~\"$resourceType\", namespace=~\"$namespace\", resource_name=~\"$resource\", method=\"POST\", uri=\"/invocations\", status=~\"2.*\"}[5m])) by (resource_name, le)) / histogram_quantile(0.90, sum(rate(model_latency_milliseconds_bucket{cluster_id=\"$cluster_id\",resource_type=~\"$resourceType\", namespace=~\"$namespace\", resource_name=~\"$resource\", method=\"POST\", uri=\"/invocations\", status=~\"2.*\"}[5m])) by (resource_name, le))",
          "legendFormat": "{{resource_name}} TTFB/Total Ratio (p90)",
          "range": true,
          "refId": "A"
        }
      ],
      "title": "TTFB to Total Latency Ratio",
      "type": "timeseries"
    },
    {
      "datasource": {
        "type": "prometheus",
        "uid": "${datasource}"
      },
      "description": "Total number of concurrent requests being processed by each deployment",
      "fieldConfig": {
        "defaults": {
          "color": {
            "mode": "palette-classic"
          },
          "custom": {
            "axisBorderShow": false,
            "axisCenteredZero": false,
            "axisColorMode": "text",
            "axisLabel": "",
            "axisPlacement": "auto",
            "barAlignment": 0,
            "drawStyle": "line",
            "fillOpacity": 0,
            "gradientMode": "none",
            "hideFrom": {
              "legend": false,
              "tooltip": false,
              "viz": false
            },
            "insertNulls": false,
            "lineInterpolation": "smooth",
            "lineWidth": 1,
            "pointSize": 5,
            "scaleDistribution": {
              "type": "linear"
            },
            "showPoints": "never",
            "spanNulls": true,
            "stacking": {
              "group": "A",
              "mode": "none"
            },
            "thresholdsStyle": {
              "mode": "off"
            }
          },
          "mappings": [],
          "min": 0,
          "thresholds": {
            "mode": "absolute",
            "steps": [
              {
                "color": "green"
              },
              {
                "color": "yellow",
                "value": 10
              },
              {
                "color": "red",
                "value": 50
              }
            ]
          },
          "unit": "short"
        },
        "overrides": []
      },
      "gridPos": {
        "h": 8,
        "w": 12,
        "x": 12,
        "y": 35
      },
      "id": 29,
      "options": {
        "legend": {
          "calcs": ["mean", "max", "lastNotNull"],
          "displayMode": "table",
          "placement": "bottom",
          "showLegend": true
        },
        "tooltip": {
          "mode": "multi",
          "sort": "desc"
        }
      },
      "targets": [
        {
          "datasource": {
            "type": "prometheus",
            "uid": "${datasource}"
          },
          "editorMode": "code",
          "expr": "sum by (resource_name) (model_concurrent_requests{cluster_id=\"$cluster_id\",resource_type=~\"$resourceType\", namespace=~\"$namespace\", resource_name=~\"$resource\", method=\"POST\", uri=\"/invocations\"})",
          "legendFormat": "{{resource_name}}",
          "range": true,
          "refId": "A"
        }
      ],
      "title": "Total Concurrent Requests",
      "type": "timeseries"
    },
    {
      "collapsed": true,
      "datasource": {
        "type": "prometheus",
        "uid": "${datasource}"
      },
      "gridPos": {
        "h": 1,
        "w": 24,
        "x": 0,
        "y": 43
      },
      "id": 18,
      "panels": [
        {
          "datasource": {
            "type": "prometheus",
            "uid": "${datasource}"
          },
          "description": "Total infrastructure allocation - pods and nodes per deployment",
          "fieldConfig": {
            "defaults": {
              "color": {
                "mode": "palette-classic"
              },
              "custom": {
                "axisBorderShow": false,
                "axisCenteredZero": false,
                "axisColorMode": "text",
                "axisLabel": "",
                "axisPlacement": "auto",
                "barAlignment": 0,
                "drawStyle": "line",
                "fillOpacity": 0,
                "gradientMode": "none",
                "hideFrom": {
                  "legend": false,
                  "tooltip": false,
                  "viz": false
                },
                "insertNulls": false,
                "lineInterpolation": "smooth",
                "lineWidth": 1,
                "pointSize": 5,
                "scaleDistribution": {
                  "type": "linear"
                },
                "showPoints": "auto",
                "spanNulls": true,
                "stacking": {
                  "group": "A",
                  "mode": "none"
                },
                "thresholdsStyle": {
                  "mode": "off"
                }
              },
              "mappings": [],
              "min": 0,
              "thresholds": {
                "mode": "absolute",
                "steps": [
                  {
                    "color": "green"
                  }
                ]
              },
              "unit": "short"
            },
            "overrides": [
              {
                "matcher": {
                  "id": "byRegexp",
                  "options": ".*Pods.*"
                },
                "properties": [
                  {
                    "id": "color",
                    "value": {
                      "fixedColor": "blue",
                      "mode": "fixed"
                    }
                  }
                ]
              },
              {
                "matcher": {
                  "id": "byRegexp",
                  "options": ".*Nodes.*"
                },
                "properties": [
                  {
                    "id": "color",
                    "value": {
                      "fixedColor": "purple",
                      "mode": "fixed"
                    }
                  }
                ]
              }
            ]
          },
          "gridPos": {
            "h": 8,
            "w": 12,
            "x": 0,
            "y": 60
          },
          "id": 20,
          "options": {
            "legend": {
              "calcs": ["mean", "max", "lastNotNull"],
              "displayMode": "table",
              "placement": "bottom",
              "showLegend": true
            },
            "tooltip": {
              "mode": "single",
              "sort": "none"
            }
          },
          "targets": [
            {
              "datasource": {
                "type": "prometheus",
                "uid": "${datasource}"
              },
              "editorMode": "code",
              "expr": "count by (resource_name) (count by (resource_name, pod_name) (max_over_time(model_invocations_total{cluster_id=\"$cluster_id\",resource_type=~\"$resourceType\", namespace=~\"$namespace\", resource_name=~\"$resource\"}[5m])))",
              "legendFormat": "{{resource_name}} Total Pods",
              "range": true,
              "refId": "A"
            },
            {
              "datasource": {
                "type": "prometheus",
                "uid": "${datasource}"
              },
              "editorMode": "code",
              "expr": "count by (resource_name) (count by (resource_name, node_name) (max_over_time(model_invocations_total{cluster_id=\"$cluster_id\",resource_type=~\"$resourceType\", namespace=~\"$namespace\", resource_name=~\"$resource\"}[5m])))",
              "legendFormat": "{{resource_name}} Total Nodes",
              "range": true,
              "refId": "B"
            }
          ],
          "title": "Infrastructure Allocation (Pods & Nodes)",
          "type": "timeseries"
        },
        {
          "datasource": {
            "type": "prometheus",
            "uid": "${datasource}"
          },
          "description": "Active pods currently receiving incoming requests  per deployment",
          "fieldConfig": {
            "defaults": {
              "color": {
                "mode": "palette-classic"
              },
              "custom": {
                "axisBorderShow": false,
                "axisCenteredZero": false,
                "axisColorMode": "text",
                "axisLabel": "",
                "axisPlacement": "auto",
                "barAlignment": 0,
                "drawStyle": "line",
                "fillOpacity": 0,
                "gradientMode": "none",
                "hideFrom": {
                  "legend": false,
                  "tooltip": false,
                  "viz": false
                },
                "insertNulls": false,
                "lineInterpolation": "smooth",
                "lineWidth": 1,
                "pointSize": 5,
                "scaleDistribution": {
                  "type": "linear"
                },
                "showPoints": "auto",
                "spanNulls": true,
                "stacking": {
                  "group": "A",
                  "mode": "none"
                },
                "thresholdsStyle": {
                  "mode": "off"
                }
              },
              "mappings": [],
              "min": 0,
              "thresholds": {
                "mode": "absolute",
                "steps": [
                  {
                    "color": "green"
                  }
                ]
              },
              "unit": "short"
            },
            "overrides": [
              {
                "matcher": {
                  "id": "byRegexp",
                  "options": ".*Active.*"
                },
                "properties": [
                  {
                    "id": "color",
                    "value": {
                      "fixedColor": "green",
                      "mode": "fixed"
                    }
                  }
                ]
              },
              {
                "matcher": {
                  "id": "byRegexp",
                  "options": ".*Total.*"
                },
                "properties": [
                  {
                    "id": "color",
                    "value": {
                      "fixedColor": "blue",
                      "mode": "fixed"
                    }
                  }
                ]
              }
            ]
          },
          "gridPos": {
            "h": 8,
            "w": 12,
            "x": 12,
            "y": 60
          },
          "id": 23,
          "options": {
            "legend": {
              "calcs": ["mean", "lastNotNull"],
              "displayMode": "table",
              "placement": "bottom",
              "showLegend": true
            },
            "tooltip": {
              "mode": "single",
              "sort": "none"
            }
          },
          "targets": [
            {
              "datasource": {
                "type": "prometheus",
                "uid": "${datasource}"
              },
              "editorMode": "code",
              "expr": "count by (resource_name) (count by (resource_name, pod_name) (rate(model_invocations_total{cluster_id=\"$cluster_id\",resource_type=~\"$resourceType\", namespace=~\"$namespace\", resource_name=~\"$resource\"}[5m]) > 0))",
              "legendFormat": "{{resource_name}}",
              "range": true,
              "refId": "A"
            }
          ],
          "title": "Active Pods (Receiving Traffic)",
          "type": "timeseries"
        }
      ],
      "targets": [
        {
          "datasource": {
            "type": "prometheus",
            "uid": "${datasource}"
          },
          "refId": "A"
        }
      ],
      "title": "Infrastructure",
      "type": "row"
    },
    {
      "collapsed": true,
      "datasource": {
        "type": "prometheus",
        "uid": "${datasource}"
      },
      "gridPos": {
        "h": 1,
        "w": 24,
        "x": 0,
        "y": 44
      },
      "id": 32,
      "panels": [
        {
          "datasource": {
            "type": "prometheus",
            "uid": "${datasource}"
          },
          "description": "Time it takes for the model to create the first token for an incoming request",
          "fieldConfig": {
            "defaults": {
              "color": {
                "mode": "palette-classic"
              },
              "custom": {
                "axisBorderShow": false,
                "axisCenteredZero": false,
                "axisColorMode": "text",
                "axisLabel": "",
                "axisPlacement": "auto",
                "barAlignment": 0,
                "drawStyle": "line",
                "fillOpacity": 0,
                "gradientMode": "none",
                "hideFrom": {
                  "legend": false,
                  "tooltip": false,
                  "viz": false
                },
                "insertNulls": false,
                "lineInterpolation": "smooth",
                "lineWidth": 1,
                "pointSize": 5,
                "scaleDistribution": {
                  "type": "linear"
                },
                "showPoints": "never",
                "spanNulls": true,
                "stacking": {
                  "group": "A",
                  "mode": "none"
                },
                "thresholdsStyle": {
                  "mode": "off"
                }
              },
              "mappings": [],
              "thresholds": {
                "mode": "absolute",
                "steps": [
                  {
                    "color": "green"
                  },
                  {
                    "color": "yellow",
                    "value": 1000
                  },
                  {
                    "color": "red",
                    "value": 5000
                  }
                ]
              },
              "unit": "ms"
            },
            "overrides": []
          },
          "gridPos": {
            "h": 9,
            "w": 12,
            "x": 0,
            "y": 69
          },
          "id": 33,
          "options": {
            "legend": {
              "calcs": ["mean", "max", "lastNotNull"],
              "displayMode": "table",
              "placement": "bottom",
              "showLegend": true
            },
            "tooltip": {
              "mode": "single",
              "sort": "none"
            }
          },
          "targets": [
            {
              "datasource": {
                "type": "prometheus",
                "uid": "${datasource}"
              },
              "editorMode": "code",
              "expr": "(histogram_quantile(0.90, sum by (resource_name, le) (rate(tgi_request_queue_duration_bucket{cluster_id=\"$cluster_id\",resource_type=~\"$resourceType\", namespace=~\"$namespace\", resource_name=~\"$resource\"}[5m]))) + histogram_quantile(0.90, sum by (resource_name, le) (rate(tgi_batch_inference_duration_bucket{cluster_id=\"$cluster_id\",method=\"prefill\", resource_type=~\"$resourceType\", namespace=~\"$namespace\", resource_name=~\"$resource\"}[5m])))) * 1000",
              "legendFormat": "{{resource_name}} TTFT p90",
              "range": true,
              "refId": "A"
            }
          ],
          "title": "Time to First Token (TTFT)",
          "type": "timeseries"
        },
        {
          "datasource": {
            "type": "prometheus",
            "uid": "${datasource}"
          },
          "description": "Average time it takes for the model to generate two consecutive tokens across all tokens. Determines streaming responsiveness for TGI deployments",
          "fieldConfig": {
            "defaults": {
              "color": {
                "mode": "palette-classic"
              },
              "custom": {
                "axisBorderShow": false,
                "axisCenteredZero": false,
                "axisColorMode": "text",
                "axisLabel": "",
                "axisPlacement": "auto",
                "barAlignment": 0,
                "drawStyle": "line",
                "fillOpacity": 0,
                "gradientMode": "none",
                "hideFrom": {
                  "legend": false,
                  "tooltip": false,
                  "viz": false
                },
                "insertNulls": false,
                "lineInterpolation": "smooth",
                "lineWidth": 1,
                "pointSize": 5,
                "scaleDistribution": {
                  "type": "linear"
                },
                "showPoints": "never",
                "spanNulls": true,
                "stacking": {
                  "group": "A",
                  "mode": "none"
                },
                "thresholdsStyle": {
                  "mode": "off"
                }
              },
              "mappings": [],
              "thresholds": {
                "mode": "absolute",
                "steps": [
                  {
                    "color": "green"
                  },
                  {
                    "color": "yellow",
                    "value": 100
                  },
                  {
                    "color": "red",
                    "value": 500
                  }
                ]
              },
              "unit": "ms"
            },
            "overrides": []
          },
          "gridPos": {
            "h": 9,
            "w": 12,
            "x": 12,
            "y": 69
          },
          "id": 34,
          "options": {
            "legend": {
              "calcs": ["mean", "max", "lastNotNull"],
              "displayMode": "table",
              "placement": "bottom",
              "showLegend": true
            },
            "tooltip": {
              "mode": "single",
              "sort": "none"
            }
          },
          "targets": [
            {
              "datasource": {
                "type": "prometheus",
                "uid": "${datasource}"
              },
              "editorMode": "code",
              "expr": "histogram_quantile(0.90, sum by (resource_name, le) (rate(tgi_batch_forward_duration_bucket{cluster_id=\"$cluster_id\",method=\"decode\", resource_type=~\"$resourceType\", namespace=~\"$namespace\", resource_name=~\"$resource\"}[5m]))) * 1000",
              "legendFormat": "{{resource_name}} Inter-Token p90",
              "range": true,
              "refId": "A"
            }
          ],
          "title": "Inter-Token Latency (Decode)",
          "type": "timeseries"
        },
        {
          "datasource": {
            "type": "prometheus",
            "uid": "${datasource}"
          },
          "description": "Number of tokens generated per second by the model. Represents efficiency and capacity indicator for TGI deployments",
          "fieldConfig": {
            "defaults": {
              "color": {
                "mode": "palette-classic"
              },
              "custom": {
                "axisBorderShow": false,
                "axisCenteredZero": false,
                "axisColorMode": "text",
                "axisLabel": "",
                "axisPlacement": "auto",
                "barAlignment": 0,
                "drawStyle": "line",
                "fillOpacity": 0,
                "gradientMode": "none",
                "hideFrom": {
                  "legend": false,
                  "tooltip": false,
                  "viz": false
                },
                "insertNulls": false,
                "lineInterpolation": "smooth",
                "lineWidth": 1,
                "pointSize": 5,
                "scaleDistribution": {
                  "type": "linear"
                },
                "showPoints": "never",
                "spanNulls": true,
                "stacking": {
                  "group": "A",
                  "mode": "none"
                },
                "thresholdsStyle": {
                  "mode": "off"
                }
              },
              "mappings": [],
              "min": 0,
              "thresholds": {
                "mode": "absolute",
                "steps": [
                  {
                    "color": "green"
                  },
                  {
                    "color": "yellow",
                    "value": 10
                  },
                  {
                    "color": "red",
                    "value": 5
                  }
                ]
              },
              "unit": "tok/s"
            },
            "overrides": []
          },
          "gridPos": {
            "h": 9,
            "w": 12,
            "x": 0,
            "y": 78
          },
          "id": 35,
          "options": {
            "legend": {
              "calcs": ["mean", "max", "lastNotNull"],
              "displayMode": "table",
              "placement": "bottom",
              "showLegend": true,
              "sortBy": "Last *",
              "sortDesc": false
            },
            "tooltip": {
              "mode": "single",
              "sort": "none"
            }
          },
          "targets": [
            {
              "datasource": {
                "type": "prometheus",
                "uid": "${datasource}"
              },
              "editorMode": "code",
              "expr": "histogram_quantile(0.90, sum by (resource_name, le) (rate(tgi_request_generated_tokens_bucket{cluster_id=\"$cluster_id\",resource_type=~\"$resourceType\", namespace=~\"$namespace\", resource_name=~\"$resource\"}[5m])))",
              "legendFormat": "{{resource_name}} Token Throughput p90",
              "range": true,
              "refId": "A"
            }
          ],
          "title": "Token Throughput",
          "type": "timeseries"
        },
        {
          "datasource": {
            "type": "prometheus",
            "uid": "${datasource}"
          },
          "description": "Average time it takes for the model to generate every token required to respond to an incoming request",
          "fieldConfig": {
            "defaults": {
              "color": {
                "mode": "palette-classic"
              },
              "custom": {
                "axisBorderShow": false,
                "axisCenteredZero": false,
                "axisColorMode": "text",
                "axisLabel": "",
                "axisPlacement": "auto",
                "barAlignment": 0,
                "drawStyle": "line",
                "fillOpacity": 0,
                "gradientMode": "none",
                "hideFrom": {
                  "legend": false,
                  "tooltip": false,
                  "viz": false
                },
                "insertNulls": false,
                "lineInterpolation": "smooth",
                "lineWidth": 1,
                "pointSize": 5,
                "scaleDistribution": {
                  "type": "linear"
                },
                "showPoints": "never",
                "spanNulls": true,
                "stacking": {
                  "group": "A",
                  "mode": "none"
                },
                "thresholdsStyle": {
                  "mode": "off"
                }
              },
              "mappings": [],
              "thresholds": {
                "mode": "absolute",
                "steps": [
                  {
                    "color": "green"
                  },
                  {
                    "color": "yellow",
                    "value": 0.1
                  },
                  {
                    "color": "red",
                    "value": 0.5
                  }
                ]
              },
              "unit": "s"
            },
            "overrides": []
          },
          "gridPos": {
            "h": 9,
            "w": 12,
            "x": 12,
            "y": 78
          },
          "id": 36,
          "options": {
            "legend": {
              "calcs": ["mean", "max", "lastNotNull"],
              "displayMode": "table",
              "placement": "bottom",
              "showLegend": true
            },
            "tooltip": {
              "mode": "single",
              "sort": "none"
            }
          },
          "targets": [
            {
              "datasource": {
                "type": "prometheus",
                "uid": "${datasource}"
              },
              "editorMode": "code",
              "expr": "histogram_quantile(0.90, sum by (resource_name, le) (rate(tgi_request_mean_time_per_token_duration_bucket{cluster_id=\"$cluster_id\",resource_type=~\"$resourceType\", namespace=~\"$namespace\", resource_name=~\"$resource\"}[5m])))",
              "legendFormat": "{{resource_name}} Mean Time Per Token p90",
              "range": true,
              "refId": "A"
            }
          ],
          "title": "Mean Time Per Token",
          "type": "timeseries"
        }
      ],
      "targets": [
        {
          "datasource": {
            "type": "prometheus",
            "uid": "${datasource}"
          },
          "refId": "A"
        }
      ],
      "title": "TGI (Text Generation Inference) Token Metrics",
      "type": "row"
    },
    {
      "collapsed": true,
      "datasource": {
        "type": "prometheus",
        "uid": "${datasource}"
      },
      "gridPos": {
        "h": 1,
        "w": 24,
        "x": 0,
        "y": 45
      },
      "id": 37,
      "panels": [
        {
          "datasource": {
            "type": "prometheus",
            "uid": "${datasource}"
          },
          "description": "Average time it takes to generate a token per request over last 10 consecutive requests",
          "fieldConfig": {
            "defaults": {
              "color": {
                "mode": "palette-classic"
              },
              "custom": {
                "axisBorderShow": false,
                "axisCenteredZero": false,
                "axisColorMode": "text",
                "axisLabel": "",
                "axisPlacement": "auto",
                "barAlignment": 0,
                "drawStyle": "line",
                "fillOpacity": 0,
                "gradientMode": "none",
                "hideFrom": {
                  "legend": false,
                  "tooltip": false,
                  "viz": false
                },
                "insertNulls": false,
                "lineInterpolation": "smooth",
                "lineWidth": 1,
                "pointSize": 5,
                "scaleDistribution": {
                  "type": "linear"
                },
                "showPoints": "never",
                "spanNulls": true,
                "stacking": {
                  "group": "A",
                  "mode": "none"
                },
                "thresholdsStyle": {
                  "mode": "off"
                }
              },
              "mappings": [],
              "thresholds": {
                "mode": "absolute",
                "steps": [
                  {
                    "color": "green"
                  },
                  {
                    "color": "yellow",
                    "value": 100
                  },
                  {
                    "color": "red",
                    "value": 500
                  }
                ]
              },
              "unit": "µs"
            },
            "overrides": []
          },
          "gridPos": {
            "h": 9,
            "w": 12,
            "x": 0,
            "y": 46
          },
          "id": 38,
          "options": {
            "legend": {
              "calcs": ["mean", "max", "lastNotNull"],
              "displayMode": "table",
              "placement": "bottom",
              "showLegend": true
            },
            "tooltip": {
              "mode": "single",
              "sort": "none"
            }
          },
          "targets": [
            {
              "datasource": {
                "type": "prometheus",
                "uid": "${datasource}"
              },
              "editorMode": "code",
              "expr": "TokenLatency_p90{cluster_id=\"$cluster_id\",resource_type=~\"$resourceType\", namespace=~\"$namespace\", resource_name=~\"$resource\"}",
              "legendFormat": "{{resource_name}} Token Latency p90",
              "range": true,
              "refId": "A"
            }
          ],
          "title": "Mean Token Latency",
          "type": "timeseries"
        },
        {
          "datasource": {
            "type": "prometheus",
            "uid": "${datasource}"
          },
          "description": "Average number of tokens per second per request over last 10 consecutive requests",
          "fieldConfig": {
            "defaults": {
              "color": {
                "mode": "palette-classic"
              },
              "custom": {
                "axisBorderShow": false,
                "axisCenteredZero": false,
                "axisColorMode": "text",
                "axisLabel": "",
                "axisPlacement": "auto",
                "barAlignment": 0,
                "drawStyle": "line",
                "fillOpacity": 0,
                "gradientMode": "none",
                "hideFrom": {
                  "legend": false,
                  "tooltip": false,
                  "viz": false
                },
                "insertNulls": false,
                "lineInterpolation": "smooth",
                "lineWidth": 1,
                "pointSize": 5,
                "scaleDistribution": {
                  "type": "linear"
                },
                "showPoints": "never",
                "spanNulls": true,
                "stacking": {
                  "group": "A",
                  "mode": "none"
                },
                "thresholdsStyle": {
                  "mode": "off"
                }
              },
              "mappings": [],
              "min": 0,
              "thresholds": {
                "mode": "absolute",
                "steps": [
                  {
                    "color": "green"
                  },
                  {
                    "color": "yellow",
                    "value": 10
                  },
                  {
                    "color": "red",
                    "value": 5
                  }
                ]
              },
              "unit": "tok/s"
            },
            "overrides": []
          },
          "gridPos": {
            "h": 9,
            "w": 12,
            "x": 12,
            "y": 46
          },
          "id": 39,
          "options": {
            "legend": {
              "calcs": ["mean", "max", "lastNotNull"],
              "displayMode": "table",
              "placement": "bottom",
              "showLegend": true
            },
            "tooltip": {
              "mode": "single",
              "sort": "none"
            }
          },
          "targets": [
            {
              "datasource": {
                "type": "prometheus",
                "uid": "${datasource}"
              },
              "editorMode": "code",
              "expr": "TokenThroughput_p90{cluster_id=\"$cluster_id\",resource_type=~\"$resourceType\", namespace=~\"$namespace\", resource_name=~\"$resource\"}",
              "legendFormat": "{{resource_name}} Token Throughput p90",
              "range": true,
              "refId": "A"
            }
          ],
          "title": "Mean Token Throughput",
          "type": "timeseries"
        },
        {
          "datasource": {
            "type": "prometheus",
            "uid": "${datasource}"
          },
          "description": "Average total output tokens generated per request over last 10 consecutive requests",
          "fieldConfig": {
            "defaults": {
              "color": {
                "mode": "palette-classic"
              },
              "custom": {
                "axisBorderShow": false,
                "axisCenteredZero": false,
                "axisColorMode": "text",
                "axisLabel": "",
                "axisPlacement": "auto",
                "barAlignment": 0,
                "drawStyle": "line",
                "fillOpacity": 0,
                "gradientMode": "none",
                "hideFrom": {
                  "legend": false,
                  "tooltip": false,
                  "viz": false
                },
                "insertNulls": false,
                "lineInterpolation": "smooth",
                "lineWidth": 1,
                "pointSize": 5,
                "scaleDistribution": {
                  "type": "linear"
                },
                "showPoints": "never",
                "spanNulls": true,
                "stacking": {
                  "group": "A",
                  "mode": "none"
                },
                "thresholdsStyle": {
                  "mode": "off"
                }
              },
              "mappings": [],
              "min": 0,
              "thresholds": {
                "mode": "absolute",
                "steps": [
                  {
                    "color": "green"
                  }
                ]
              },
              "unit": "short"
            },
            "overrides": []
          },
          "gridPos": {
            "h": 9,
            "w": 12,
            "x": 0,
            "y": 55
          },
          "id": 40,
          "options": {
            "legend": {
              "calcs": ["mean", "max", "lastNotNull"],
              "displayMode": "table",
              "placement": "bottom",
              "showLegend": true
            },
            "tooltip": {
              "mode": "single",
              "sort": "none"
            }
          },
          "targets": [
            {
              "datasource": {
                "type": "prometheus",
                "uid": "${datasource}"
              },
              "editorMode": "code",
              "expr": "OutputTokens_p90{cluster_id=\"$cluster_id\",resource_type=~\"$resourceType\", namespace=~\"$namespace\", resource_name=~\"$resource\"}",
              "legendFormat": "{{resource_name}} Output Tokens p90",
              "range": true,
              "refId": "A"
            }
          ],
          "title": "Mean Output Tokens per Request",
          "type": "timeseries"
        },
        {
          "datasource": {
            "type": "prometheus",
            "uid": "${datasource}"
          },
          "description": "Average rolling batch size — indicating concurrency during batching — calculated per request over the last 10 consecutive requests",
          "fieldConfig": {
            "defaults": {
              "color": {
                "mode": "palette-classic"
              },
              "custom": {
                "axisBorderShow": false,
                "axisCenteredZero": false,
                "axisColorMode": "text",
                "axisLabel": "",
                "axisPlacement": "auto",
                "barAlignment": 0,
                "drawStyle": "line",
                "fillOpacity": 0,
                "gradientMode": "none",
                "hideFrom": {
                  "legend": false,
                  "tooltip": false,
                  "viz": false
                },
                "insertNulls": false,
                "lineInterpolation": "smooth",
                "lineWidth": 1,
                "pointSize": 5,
                "scaleDistribution": {
                  "type": "linear"
                },
                "showPoints": "never",
                "spanNulls": true,
                "stacking": {
                  "group": "A",
                  "mode": "none"
                },
                "thresholdsStyle": {
                  "mode": "off"
                }
              },
              "mappings": [],
              "min": 0,
              "thresholds": {
                "mode": "absolute",
                "steps": [
                  {
                    "color": "green"
                  },
                  {
                    "color": "yellow",
                    "value": 32
                  },
                  {
                    "color": "red",
                    "value": 64
                  }
                ]
              },
              "unit": "short"
            },
            "overrides": []
          },
          "gridPos": {
            "h": 9,
            "w": 12,
            "x": 12,
            "y": 55
          },
          "id": 41,
          "options": {
            "legend": {
              "calcs": ["mean", "max", "lastNotNull"],
              "displayMode": "table",
              "placement": "bottom",
              "showLegend": true
            },
            "tooltip": {
              "mode": "single",
              "sort": "none"
            }
          },
          "targets": [
            {
              "datasource": {
                "type": "prometheus",
                "uid": "${datasource}"
              },
              "editorMode": "code",
              "expr": "RollingBatchSize_p90{cluster_id=\"$cluster_id\",resource_type=~\"$resourceType\", namespace=~\"$namespace\", resource_name=~\"$resource\"}",
              "legendFormat": "{{resource_name}} Rolling Batch Size p90",
              "range": true,
              "refId": "A"
            }
          ],
          "title": "Rolling Batch Size",
          "type": "timeseries"
        }
      ],
      "targets": [
        {
          "datasource": {
            "type": "prometheus",
            "uid": "${datasource}"
          },
          "refId": "A"
        }
      ],
      "title": "LMI (Large Model Inference) Token Metrics - aggregated over every 10 requests",
      "type": "row"
    },
    {
      "collapsed": false,
      "gridPos": {
        "h": 1,
        "w": 24,
        "x": 0,
        "y": 46
      },
      "id": 44,
      "panels": [],
      "title": "Help",
      "type": "row"
    },
    {
      "datasource": {
        "uid": "${datasource}"
      },
      "editable": false,
      "error": false,
      "gridPos": {
        "h": 3,
        "w": 24,
        "x": 0,
        "y": 47
      },
      "id": 42,
      "options": {
        "code": {
          "language": "plaintext",
          "showLineNumbers": false,
          "showMiniMap": false
        },
        "content": "To enable additional metrics or troubleshoot issues, refer to the Amazon SageMaker HyperPod observability user guide: https://docs.aws.amazon.com/sagemaker/latest/dg/sagemaker-hyperpod-eks-cluster-observability-cluster.html",
        "mode": "markdown"
      },
      "pluginVersion": "10.4.1",
      "targets": [
        {
          "datasource": {
            "uid": "${datasource}"
          },
          "refId": "A"
        }
      ],
      "title": "Documentation",
      "type": "text"
    },
    {
      "datasource": {
        "type": "datasource",
        "uid": "grafana"
      },
      "description": "",
      "gridPos": {
        "h": 3,
        "w": 24,
        "x": 0,
        "y": 50
      },
      "id": 43,
      "options": {
        "code": {
          "language": "plaintext",
          "showLineNumbers": false,
          "showMiniMap": false
        },
        "content": "Tell us how we can improve your Amazon SageMaker HyperPod observability experience by reporting bugs or submitting feature requests here\nhttps://github.com/aws/amazon-sagemaker-feedback/issues",
        "mode": "markdown"
      },
      "pluginVersion": "10.4.1",
      "title": "Feedback?",
      "type": "text"
    }
  ],
  "refresh": "30s",
  "schemaVersion": 39,
  "tags": ["aws", "sagemaker", "hyperpod", "metrics", "model"],
  "templating": {
    "list": [
      {
        "current": {
          "selected": false,
          "text": "prometheus-old",
          "value": "aeoom7y8kcg00e"
        },
        "hide": 2,
        "includeAll": false,
        "label": "Datasource",
        "multi": false,
        "name": "datasource",
        "options": [],
        "query": "prometheus",
        "queryValue": "",
        "refresh": 1,
        "regex": "",
        "skipUrlSync": false,
        "type": "datasource"
      },
      {
        "current": {
          "selected": false,
          "text": "ml-cluster-gpu",
          "value": "ml-cluster-gpu"
        },
        "datasource": {
          "type": "prometheus",
          "uid": "${datasource}"
        },
        "definition": "label_values(kube_node_info,cluster_name)",
        "hide": 0,
        "includeAll": false,
        "label": "Cluster Name",
        "multi": false,
        "name": "cluster_name",
        "options": [],
        "query": {
          "qryType": 1,
          "query": "label_values(kube_node_info,cluster_name)",
          "refId": "PrometheusVariableQueryEditor-VariableQuery"
        },
        "refresh": 1,
        "regex": "",
        "skipUrlSync": false,
        "sort": 0,
        "type": "query"
      },
      {
        "current": {
          "selected": false,
          "text": "9476q1hxcfor",
          "value": "9476q1hxcfor"
        },
        "datasource": {
          "type": "prometheus",
          "uid": "${datasource}"
        },
        "definition": "label_values(kube_node_info{cluster_name=\"$cluster_name\"},cluster_id)",
        "hide": 0,
        "includeAll": false,
        "label": "Cluster ID",
        "multi": false,
        "name": "cluster_id",
        "options": [],
        "query": {
          "qryType": 1,
          "query": "label_values(kube_node_info{cluster_name=\"$cluster_name\"},cluster_id)",
          "refId": "PrometheusVariableQueryEditor-VariableQuery"
        },
        "refresh": 1,
        "regex": "",
        "skipUrlSync": false,
        "sort": 0,
        "type": "query"
      },
      {
        "current": {
          "selected": false,
          "text": "All",
          "value": "$__all"
        },
        "datasource": {
          "type": "prometheus",
          "uid": "${datasource}"
        },
        "definition": "label_values(model_invocations_total{resource_type=~\"$resourceType\"}, namespace)",
        "hide": 0,
        "includeAll": true,
        "label": "Namespace",
        "multi": false,
        "name": "namespace",
        "options": [],
        "query": "label_values(model_invocations_total{resource_type=~\"$resourceType\"}, namespace)",
        "refresh": 1,
        "regex": "",
        "skipUrlSync": false,
        "sort": 0,
        "tagValuesQuery": "",
        "tagsQuery": "",
        "type": "query",
        "useTags": false
      },
      {
        "current": {
          "selected": false,
          "text": "All",
          "value": "$__all"
        },
        "datasource": {
          "type": "prometheus",
          "uid": "${datasource}"
        },
        "definition": "label_values(model_invocations_total, resource_type)",
        "hide": 0,
        "includeAll": true,
        "label": "Deployment Type",
        "multi": false,
        "name": "resourceType",
        "options": [],
        "query": "label_values(model_invocations_total, resource_type)",
        "refresh": 1,
        "regex": "",
        "skipUrlSync": false,
        "sort": 0,
        "tagValuesQuery": "",
        "tagsQuery": "",
        "type": "query",
        "useTags": false
      },
      {
        "current": {
          "selected": false,
          "text": "All",
          "value": "$__all"
        },
        "datasource": {
          "type": "prometheus",
          "uid": "${datasource}"
        },
        "definition": "label_values(model_invocations_total{resource_type=~\"$resourceType\", namespace=~\"$namespace\"}, resource_name)",
        "hide": 0,
        "includeAll": true,
        "label": "Deployment Name",
        "multi": false,
        "name": "resource",
        "options": [],
        "query": "label_values(model_invocations_total{resource_type=~\"$resourceType\", namespace=~\"$namespace\"}, resource_name)",
        "refresh": 1,
        "regex": "",
        "skipUrlSync": false,
        "sort": 0,
        "tagValuesQuery": "",
        "tagsQuery": "",
        "type": "query",
        "useTags": false
      }
    ]
  },
  "time": {
    "from": "now-6h",
    "to": "now"
  },
  "timepicker": {
    "refresh_intervals": ["5s", "10s", "30s", "1m", "5m", "15m", "30m", "1h", "2h", "1d"]
  },
  "timezone": "",
  "title": "Inference",
  "uid": "inference-v2",
  "version": 18,
  "weekStart": ""
}
